<?xml version="1.0" encoding="UTF-8"?>
<project-private xmlns="http://www.netbeans.org/ns/project-private/1">
    <editor-bookmarks xmlns="http://www.netbeans.org/ns/editor-bookmarks/2" lastBookmarkId="0"/>
    <open-files xmlns="http://www.netbeans.org/ns/projectui-open-files/2">
        <group>
            <file>file:/C:/Users/raymark/Documents/NetBeansProjects/AT4_Corbita/src/Login/UpdateStudent.java</file>
            <file>file:/C:/Users/raymark/Documents/NetBeansProjects/AT4_Corbita/src/Login/DeleteStudent.java</file>
            <file>file:/C:/Users/raymark/Documents/NetBeansProjects/AT4_Corbita/src/Login/AddStudent.java</file>
            <file>file:/C:/Users/raymark/Documents/NetBeansProjects/AT4_Corbita/src/Login/AT4_Corbita.java</file>
            <file>file:/C:/Users/raymark/Documents/NetBeansProjects/AT4_Corbita/src/Login/WelcomeWindow.java</file>
            <file>file:/C:/Users/raymark/Documents/NetBeansProjects/AT4_Corbita/src/users.json</file>
        </group>
    </open-files>
</project-private>
